UserId,UserName,Date,Location,PostId,TagId,TagName
"741099","Nyxynyx","2017-06-01 09:35:19","Boston","10045022","21","mysql"
"1731862","Ankur Shanbhag","2017-12-15 18:05:19","Boston, Massachusetts","17972270","4069","jms"
"3201696","ajmajmajma","2017-10-07 02:03:25","Boston","46614623","92378","istanbul"
"1406210","Lance McCarthy","2017-02-02 23:36:27","Boston","40921005","1117","xaml"
"741099","Nyxynyx","2017-04-24 22:43:11","Boston","43598157","16","python"
"4455832","johndburger","2017-12-06 02:15:05","Boston","47662078","16","python"
"741099","Nyxynyx","2017-05-01 00:58:26","Boston","43711708","46426","node.js"
"4179866","giuseppe","2017-09-29 09:39:32","Boston","26663573","31860","nsfilemanager"
"741099","Nyxynyx","2017-04-24 22:43:11","Boston","43598157","1158","qt"
"741099","Nyxynyx","2017-04-01 12:33:04","Boston","43155211","16","python"
"741099","Nyxynyx","2017-10-28 23:26:42","Boston","46995307","16","python"
"741099","Nyxynyx","2017-04-01 12:33:04","Boston","43155211","7979","matplotlib"
"741099","Nyxynyx","2017-07-20 01:28:29","Boston","33862317","16","python"
"2816869","f1lt3r","2017-11-19 16:48:28","Boston","47363268","9397","implicit"
"741099","Nyxynyx","2017-05-01 00:58:26","Boston","43711708","86420","hiredis"
"741099","Nyxynyx","2017-10-28 23:26:42","Boston","46995307","118223","python-3.6"
"4400697","nmusleh","2017-08-06 21:04:17","Boston","45536057","78022","angularjs"
"4400697","nmusleh","2017-10-31 18:32:10","Boston","47041699","81949","django-rest-framework"
"741099","Nyxynyx","2017-05-03 15:36:56","Boston","43713170","16","python"
"741099","Nyxynyx","2017-05-03 15:36:56","Boston","43713170","46426","node.js"
"4400697","nmusleh","2017-10-31 18:32:10","Boston","47041699","10742","django-models"
"4400697","nmusleh","2017-10-31 18:32:10","Boston","47041699","16","python"
"283296","Amelio Vazquez-Reina","2017-05-11 12:12:29","Boston","43880167","7979","matplotlib"
"4400697","nmusleh","2017-08-06 21:04:17","Boston","45536057","88155","angularjs-directive"
"3201696","ajmajmajma","2017-12-19 20:02:35","Boston","28819510","63161","underscore.js"
"283296","Amelio Vazquez-Reina","2017-02-01 23:18:44","Boston","41989077","16","python"
"2232367","Ben","2017-07-14 13:24:43","Boston","31539349","106942","react-router"
"456564","German Attanasio","2017-04-07 22:25:44","Boston, Massachusetts","37424232","22843","speech-to-text"
"2415684","jenesaisquoi","2017-09-29 01:04:45","Boston","42875523","991","scheme"
"456564","German Attanasio","2017-04-30 20:15:09","Boston, Massachusetts","43479761","115422","nl-classifier"
"741099","Nyxynyx","2017-05-23 14:21:50","Boston","6470267","1141","activerecord"
"741099","Nyxynyx","2017-10-26 22:40:05","Boston","16453644","16","python"
"741099","Nyxynyx","2017-02-08 08:32:28","Boston","20861880","46426","node.js"
"741099","Nyxynyx","2017-01-15 04:43:14","Boston","21083248","46426","node.js"
"7465863","Alex M","2017-01-26 07:02:49","Boston","41838619","142","ant"
"283296","Amelio Vazquez-Reina","2017-05-26 13:34:25","Boston","22795348","7979","matplotlib"
"283296","Amelio Vazquez-Reina","2017-04-20 20:48:18","Boston","43294508","101711","pymc3"
"741099","Nyxynyx","2017-03-01 23:50:10","Boston","42543933","16","python"
"741099","Nyxynyx","2017-11-02 22:25:16","Boston","47020343","16","python"
"741099","Nyxynyx","2017-05-23 14:21:50","Boston","6470267","21","mysql"
"283296","Amelio Vazquez-Reina","2017-05-26 13:34:25","Boston","22795348","16","python"
"3201696","ajmajmajma","2017-07-31 21:50:45","Boston","45420183","6367","sass"
"283296","Amelio Vazquez-Reina","2017-04-20 20:48:18","Boston","43294508","125769","multilevel-analysis"
"283296","Amelio Vazquez-Reina","2017-01-13 07:11:48","Boston","41628516","259","math"
"741099","Nyxynyx","2017-11-02 22:25:16","Boston","47020343","118223","python-3.6"
"283296","Amelio Vazquez-Reina","2017-04-20 20:48:18","Boston","43294508","125802","hierarchical-bayesian"
"741099","Nyxynyx","2017-12-28 21:39:10","Boston","46144735","126644","web3"
"456564","German Attanasio","2017-10-30 19:45:04","Boston, Massachusetts","38568584","22843","speech-to-text"
"283296","Amelio Vazquez-Reina","2017-01-13 07:11:48","Boston","41628516","16","python"
"283296","Amelio Vazquez-Reina","2017-05-15 20:36:32","Boston","15817420","71142","python-3.3"
"283296","Amelio Vazquez-Reina","2017-05-15 20:36:32","Boston","15817420","16","python"
"741099","Nyxynyx","2017-07-25 07:52:13","Boston","16376159","16","python"
"741099","Nyxynyx","2017-12-21 18:43:00","Boston","47930542","16","python"
"456564","German Attanasio","2017-05-11 16:15:14","Boston, Massachusetts","43464805","46426","node.js"
"741099","Nyxynyx","2017-08-05 22:12:41","Boston","45526778","46426","node.js"
"741099","Nyxynyx","2017-11-21 10:34:49","Boston","9719302","12375","amazon-ec2"
"3054619","mrlindsey","2017-02-10 19:06:08","Boston","42165059","68203","phantomjs"
"456564","German Attanasio","2017-11-17 17:11:23","Boston, Massachusetts","47354439","2361","translation"
"283296","Amelio Vazquez-Reina","2017-08-10 16:18:07","Boston","14635299","14670","ipython"
"6687297","Philipp","2017-03-02 15:59:06","Boston, Massachusetts, USA","42559600","16","python"
"4400697","nmusleh","2017-03-17 19:08:26","Boston","42864577","16","python"
"6687297","Philipp","2017-03-02 15:59:06","Boston, Massachusetts, USA","42559600","2531","for-loop"
"283296","Amelio Vazquez-Reina","2017-11-06 18:09:13","Boston","27517425","16","python"
"741099","Nyxynyx","2017-03-31 22:32:20","Boston","33749965","16","python"
"283296","Amelio Vazquez-Reina","2017-05-11 15:37:17","Boston","6719972","16","python"
"283296","Amelio Vazquez-Reina","2017-08-10 16:18:07","Boston","14635299","16","python"
"283296","Amelio Vazquez-Reina","2017-06-01 05:09:15","Boston","22284502","16","python"
"283296","Amelio Vazquez-Reina","2017-05-15 20:36:32","Boston","15817420","2348","subprocess"
"7816373","Kevin","2017-08-12 17:17:12","Boston","45652835","16","python"
"1335035","Magn3s1um","2017-10-26 14:53:22","Boston","46957410","108163",".net-core"
"2415684","jenesaisquoi","2017-08-30 09:39:24","Boston","33141630","572","tree"
"2232367","Ben","2017-07-14 13:24:43","Boston","31539349","92497","reactjs"
"456564","German Attanasio","2017-04-30 20:15:09","Boston, Massachusetts","43479761","17","java"
"741099","Nyxynyx","2017-07-26 14:54:38","Boston","20708442","3","javascript"
"2517719","Floegipoky","2017-07-12 22:25:31","Boston","31253080","42069","nerdtree"
"2354978","ib4u","2017-05-11 19:14:54","Boston","43903122","112887","luigi"
"1085186","StackFlowed","2017-06-07 20:28:49","Boston","26369078","17","java"
"1085186","StackFlowed","2017-03-23 15:52:45","Boston","32720476","17","java"
"283296","Amelio Vazquez-Reina","2017-02-01 23:18:44","Boston","41989077","4190","numpy"
"283296","Amelio Vazquez-Reina","2017-05-11 12:12:29","Boston","43880167","99284","seaborn"
"741099","Nyxynyx","2017-05-03 15:36:56","Boston","43713170","100042","node-celery"
"1085186","StackFlowed","2017-06-07 20:28:49","Boston","26369078","7792","string-concatenation"
"283296","Amelio Vazquez-Reina","2017-02-01 23:18:44","Boston","41989077","67719","pandas"
"3201696","ajmajmajma","2017-12-19 20:02:35","Boston","28819510","3","javascript"
"4400697","nmusleh","2017-08-06 21:04:17","Boston","45536057","92905","route-provider"
"2816869","f1lt3r","2017-11-19 16:48:28","Boston","47363268","1926","types"
"8418924","Utkarsh M","2017-08-08 15:28:04","Boston","45513432","3","javascript"
"741099","Nyxynyx","2017-04-01 12:33:04","Boston","43155211","20400","scipy"
"4179866","giuseppe","2017-09-29 09:39:32","Boston","26663573","23577","nsstring"
"741099","Nyxynyx","2017-04-24 22:43:11","Boston","43598157","54400","python-multithreading"
"3201696","ajmajmajma","2017-02-01 17:37:41","Boston","41985336","2","html"
"8489616","Jerry Tiller","2017-08-21 10:36:14","Boston","45778214","3","javascript"
"8489616","Jerry Tiller","2017-08-21 10:36:14","Boston","45778214","694","null"
"741099","Nyxynyx","2017-10-28 23:26:42","Boston","46995307","67719","pandas"
"741099","Nyxynyx","2017-07-20 01:28:29","Boston","33862317","92230","theano"
"1731862","Ankur Shanbhag","2017-12-15 18:05:19","Boston, Massachusetts","17972270","17","java"
"741099","Nyxynyx","2017-05-01 00:58:26","Boston","43711708","3","javascript"
"741099","Nyxynyx","2017-10-28 23:26:42","Boston","46995307","1263","datetime"
"741099","Nyxynyx","2017-04-24 22:43:11","Boston","43598157","6159","pyqt"
"1085186","StackFlowed","2017-02-20 21:08:50","Boston","42353739","17","java"
"3201696","ajmajmajma","2017-02-01 17:37:41","Boston","41985336","3","javascript"
"3201696","ajmajmajma","2017-10-07 02:03:25","Boston","46614623","3","javascript"
"3201696","ajmajmajma","2017-02-01 17:37:41","Boston","41985336","92497","reactjs"
"741099","Nyxynyx","2017-07-20 01:28:29","Boston","33862317","59047","python-2.7"
"741099","Nyxynyx","2017-04-01 12:33:04","Boston","43155211","59047","python-2.7"
"741099","Nyxynyx","2017-04-24 22:43:11","Boston","43598157","59047","python-2.7"
"8168266","Yihao Hu","2017-06-23 21:02:28","Boston","44729709","3","javascript"
"2816869","f1lt3r","2017-11-19 16:48:28","Boston","47363268","126882","index-signature"
"741099","Nyxynyx","2017-10-26 22:40:05","Boston","16453644","67719","pandas"
"283296","Amelio Vazquez-Reina","2017-01-13 07:11:48","Boston","41628516","20400","scipy"
"2415684","jenesaisquoi","2017-12-12 20:16:10","Boston","6802420","5810","driver"
"283296","Amelio Vazquez-Reina","2017-05-26 13:34:25","Boston","22795348","99284","seaborn"
"741099","Nyxynyx","2017-03-01 23:50:10","Boston","42543933","1381","multithreading"
"1731862","Ankur Shanbhag","2017-12-26 23:19:36","Boston, Massachusetts","18144820","17","java"
"2415684","jenesaisquoi","2017-05-25 02:27:05","Boston","31931495","18","regex"
"741099","Nyxynyx","2017-02-08 08:32:28","Boston","20861880","3","javascript"
"741099","Nyxynyx","2017-01-15 04:43:14","Boston","21083248","3","javascript"
"741099","Nyxynyx","2017-10-26 22:40:05","Boston","16453644","4190","numpy"
"741099","Nyxynyx","2017-10-26 22:40:05","Boston","16453644","59047","python-2.7"
"7465863","Alex M","2017-01-26 07:02:49","Boston","41838619","17","java"
"741099","Nyxynyx","2017-04-17 22:24:26","Boston","41105525","3","javascript"
"741099","Nyxynyx","2017-01-18 01:54:30","Boston","41233634","3","javascript"
"283296","Amelio Vazquez-Reina","2017-05-26 13:34:25","Boston","22795348","67719","pandas"
"7436139","vanegeek","2017-10-11 21:14:45","Boston","46697385","3","javascript"
"741099","Nyxynyx","2017-04-17 22:24:26","Boston","41105525","92497","reactjs"
"741099","Nyxynyx","2017-01-18 01:54:30","Boston","41233634","92497","reactjs"
"741099","Nyxynyx","2017-03-01 23:50:10","Boston","42543933","59047","python-2.7"
"3148025","bradnoble","2017-02-03 18:37:44","Boston","42015025","112083","dashdb"
"1731862","Ankur Shanbhag","2017-12-26 23:19:36","Boston, Massachusetts","18144820","59767","data-structures"
"741099","Nyxynyx","2017-07-25 07:52:13","Boston","16376159","67719","pandas"
"741099","Nyxynyx","2017-08-05 22:12:41","Boston","45526778","3","javascript"
"741099","Nyxynyx","2017-11-25 20:23:01","Boston","47489983","3","javascript"
"741099","Nyxynyx","2017-07-25 07:52:13","Boston","16376159","20400","scipy"
"283296","Amelio Vazquez-Reina","2017-06-01 05:09:15","Boston","22284502","20400","scipy"
"741099","Nyxynyx","2017-11-25 20:23:01","Boston","47489983","92497","reactjs"
"456564","German Attanasio","2017-05-11 16:15:14","Boston, Massachusetts","43464805","122085","watson"
"456564","German Attanasio","2017-11-17 17:11:23","Boston, Massachusetts","47354439","122085","watson"
"2415684","jenesaisquoi","2017-08-02 09:35:18","Boston","45452115","9218","smlnj"
"456564","German Attanasio","2017-05-11 16:15:14","Boston, Massachusetts","43464805","3","javascript"
"1661569","toxotes","2017-08-24 01:30:42","Boston","10469206","43147","django-cms"
"4400697","nmusleh","2017-03-17 19:08:26","Boston","42864577","5769","oauth"
"7816373","Kevin","2017-08-12 17:17:12","Boston","45652835","67719","pandas"
"283296","Amelio Vazquez-Reina","2017-09-01 12:02:57","Boston","4880975","4717","syntax-highlighting"
"1085186","StackFlowed","2017-03-23 15:52:45","Boston","32720476","120355","macos-sierra"
"2517719","Floegipoky","2017-07-12 22:25:31","Boston","31253080","370","vim"
"283296","Amelio Vazquez-Reina","2017-07-12 14:58:45","Boston","12944214","371","emacs"
"2517719","Floegipoky","2017-07-12 22:25:31","Boston","31253080","39462","vim-plugin"
"2415684","jenesaisquoi","2017-09-29 01:04:45","Boston","42875523","5608","list"
"741099","Nyxynyx","2017-04-02 06:57:50","Boston","9658418","46220","google-chrome-extension"
"8315296","Surbhi Garg","2017-07-30 23:57:31","Boston","45405591","243","django"
"741099","Nyxynyx","2017-05-01 00:58:26","Boston","43711708","77404","node-gyp"
"456564","German Attanasio","2017-09-09 22:31:39","Boston, Massachusetts","46095284","21002","chatbot"
"2816869","f1lt3r","2017-11-19 16:48:28","Boston","47363268","84518","typescript"
"456564","German Attanasio","2017-09-09 22:31:39","Boston, Massachusetts","46095284","130085","ibm-cloud"
"8168266","Yihao Hu","2017-06-23 21:02:28","Boston","44729709","46220","google-chrome-extension"
"283296","Amelio Vazquez-Reina","2017-09-13 23:24:13","Boston","18423959","371","emacs"
"8418924","Utkarsh M","2017-08-08 15:28:04","Boston","45513432","73067","rally"
"4455832","johndburger","2017-12-06 02:15:05","Boston","47662078","24763","configparser"
"741099","Nyxynyx","2017-05-01 00:58:26","Boston","43711708","43464","redis"
"7436139","vanegeek","2017-10-27 18:07:15","Boston","46980426","5962","github"
"741099","Nyxynyx","2017-10-28 23:26:42","Boston","46995307","60010","python-3.x"
"7436139","vanegeek","2017-10-11 21:14:45","Boston","46697385","2182","scope"
"456564","German Attanasio","2017-10-23 15:00:32","Boston, Massachusetts","46892502","201","api"
"741099","Nyxynyx","2017-02-08 08:32:28","Boston","20861880","79111","meteor"
"741099","Nyxynyx","2017-01-15 04:43:14","Boston","21083248","79111","meteor"
"1731862","Ankur Shanbhag","2017-12-26 23:19:36","Boston, Massachusetts","18144820","5602","linked-list"
"7465863","Alex M","2017-01-26 07:02:49","Boston","41838619","6268","path"
"456564","German Attanasio","2017-10-30 19:45:04","Boston, Massachusetts","38568584","130085","ibm-cloud"
"3148025","bradnoble","2017-02-03 18:37:44","Boston","42015025","130085","ibm-cloud"
"7436139","vanegeek","2017-10-11 21:14:45","Boston","46697385","276","variables"
"283296","Amelio Vazquez-Reina","2017-04-20 20:48:18","Boston","43294508","60010","python-3.x"
"741099","Nyxynyx","2017-11-02 22:25:16","Boston","47020343","60010","python-3.x"
"4400697","nmusleh","2017-03-17 19:08:26","Boston","42864577","75442","python-requests"
"283296","Amelio Vazquez-Reina","2017-06-01 05:09:15","Boston","22284502","95771","pymc"
"741099","Nyxynyx","2017-03-31 22:32:20","Boston","33749965","98880","apache-spark"
"2415684","jenesaisquoi","2017-08-02 09:35:18","Boston","45452115","9217","sml"
"3054619","mrlindsey","2017-02-10 19:06:08","Boston","42165059","4984","ruby-on-rails"
"2415684","jenesaisquoi","2017-12-14 14:01:00","Boston","36108705","2833","drag-and-drop"
"741099","Nyxynyx","2017-04-26 21:15:03","Boston","41354999","79111","meteor"
"741099","Nyxynyx","2017-08-05 22:12:41","Boston","45526778","79111","meteor"
"741099","Nyxynyx","2017-12-21 18:43:00","Boston","47930542","60010","python-3.x"
"2285240","Ian Steffy","2017-11-21 17:34:44","Boston","47397172","13840","auto-indent"
"2285240","Ian Steffy","2017-11-21 17:34:44","Boston","47397172","111608","visual-studio-code"
"3798657","rubicks","2017-10-18 21:02:37","Boston","46806762","118285","jenkins-pipeline"
"283296","Amelio Vazquez-Reina","2017-06-01 05:09:15","Boston","22284502","402","statistics"
"1661569","toxotes","2017-08-24 01:30:42","Boston","10469206","243","django"
"4400697","nmusleh","2017-03-17 19:08:26","Boston","42864577","243","django"
"2415684","jenesaisquoi","2017-03-04 21:45:54","Boston","42601445","371","emacs"
"741099","Nyxynyx","2017-05-19 14:33:42","Boston","43708795","79111","meteor"
"741099","Nyxynyx","2017-06-14 00:01:13","Boston","44524095","79111","meteor"
"2415684","jenesaisquoi","2017-07-08 21:43:54","Boston","34691188","84132","testthat"
"741099","Nyxynyx","2017-12-18 21:43:49","Boston","47876517","60010","python-3.x"
"741099","Nyxynyx","2017-10-01 14:31:44","Boston","25898784","79111","meteor"
"8168266","Yihao Hu","2017-06-22 20:34:06","Boston","44708400","46220","google-chrome-extension"
"6286412","MTL-VRN","2017-11-30 02:58:02","Boston","47564993","6052","add"
"1181897","Riskbreaker","2017-02-21 16:18:55","Boston","13482652","7917","slider"
"2415684","jenesaisquoi","2017-09-26 13:06:42","Boston","46397168","371","emacs"
"2415684","jenesaisquoi","2017-12-20 15:27:55","Boston","47892942","371","emacs"
"741099","Nyxynyx","2017-05-09 09:16:17","Boston","42635809","79111","meteor"
"7179412","Nil","2017-10-22 14:29:41","Boston","46848235","3610","nested"
"7436139","vanegeek","2017-10-05 20:52:03","Boston","46592592","84518","typescript"
"456564","German Attanasio","2017-11-05 14:54:20","Boston, Massachusetts","32163749","130085","ibm-cloud"
"456564","German Attanasio","2017-04-30 21:17:17","Boston, Massachusetts","33127958","130085","ibm-cloud"
"456564","German Attanasio","2017-04-03 01:41:57","Boston, Massachusetts","40391114","130085","ibm-cloud"
"283296","Amelio Vazquez-Reina","2017-05-16 21:54:25","Boston","25676145","402","statistics"
"7179412","Nil","2017-10-22 14:29:41","Boston","46848235","5608","list"
"1335035","Magn3s1um","2017-10-19 15:36:36","Boston","46736978","119596","vsts-build"
"4400697","nmusleh","2017-11-15 17:39:59","Boston","45130392","243","django"
"8665714","Sathya Quaker","2017-11-20 06:58:33","Boston","46995403","60010","python-3.x"
"1731862","Ankur Shanbhag","2017-12-15 18:05:19","Boston, Massachusetts","17972270","1944","activemq"
"7578055","Gregory Palermo","2017-02-17 04:09:45","Boston","42287348","83308","r-markdown"
"3201696","ajmajmajma","2017-10-07 02:03:25","Boston","46614623","13710","mocha"
"741099","Nyxynyx","2017-06-01 09:35:19","Boston","10045022","30","database"
"7578055","Gregory Palermo","2017-02-17 04:09:45","Boston","42287348","4452","r"
"1406210","Lance McCarthy","2017-02-02 23:36:27","Boston","40921005","35203","xamarin.ios"
"8489616","Jerry Tiller","2017-08-21 10:36:14","Boston","45778214","114","arrays"
"456564","German Attanasio","2017-09-09 22:31:39","Boston, Massachusetts","46095284","120420","watson-conversation"
"3201696","ajmajmajma","2017-02-01 17:37:41","Boston","41985336","742","mobile"
"2415684","jenesaisquoi","2017-09-13 16:08:40","Boston","31555086","4452","r"
"8168266","Yihao Hu","2017-06-23 21:02:28","Boston","44729709","18022","keyboard-events"
"2415684","jenesaisquoi","2017-09-24 18:52:43","Boston","46393386","4452","r"
"741099","Nyxynyx","2017-06-01 09:35:19","Boston","10045022","5","php"
"1085186","StackFlowed","2017-02-20 21:08:50","Boston","42353739","114","arrays"
"3201696","ajmajmajma","2017-10-07 02:03:25","Boston","46614623","118482","babel-node"
"3201696","ajmajmajma","2017-02-01 17:37:41","Boston","41985336","1646","scroll"
"4179866","giuseppe","2017-09-29 09:39:32","Boston","26663573","8503","nsurl"
"2415684","jenesaisquoi","2017-08-30 09:39:24","Boston","33141630","4452","r"
"741099","Nyxynyx","2017-07-26 14:54:38","Boston","20708442","70885","d3.js"
"2415684","jenesaisquoi","2017-08-30 09:39:24","Boston","33141630","70885","d3.js"
"2415684","jenesaisquoi","2017-01-05 16:32:46","Boston","28185497","4452","r"
"1085186","StackFlowed","2017-03-23 15:52:45","Boston","32720476","1067","homebrew"
"4400697","nmusleh","2017-08-06 21:04:17","Boston","45536057","114454","angular-controller"
"564157","Joseph Lust","2017-08-22 17:51:29","Boston","45548924","106095","codeship"
"2354978","ib4u","2017-05-11 19:14:54","Boston","43903122","121529","data-pipeline"
"2415684","jenesaisquoi","2017-12-12 20:16:10","Boston","6802420","4452","r"
"456564","German Attanasio","2017-10-30 19:45:04","Boston, Massachusetts","38568584","120420","watson-conversation"
"456564","German Attanasio","2017-10-23 15:00:32","Boston, Massachusetts","46892502","120420","watson-conversation"
"2415684","jenesaisquoi","2017-05-25 02:27:05","Boston","31931495","4452","r"
"741099","Nyxynyx","2017-12-28 21:39:10","Boston","46144735","114286","solidity"
"741099","Nyxynyx","2017-02-08 08:32:28","Boston","20861880","89401","meteorite"
"3148025","bradnoble","2017-02-03 18:37:44","Boston","42015025","62429","cloudant"
"741099","Nyxynyx","2017-05-23 14:21:50","Boston","6470267","5","php"
"3201696","ajmajmajma","2017-07-31 21:50:45","Boston","45420183","916","fonts"
"3054619","mrlindsey","2017-02-10 19:06:08","Boston","42165059","83679","poltergeist"
"2415684","jenesaisquoi","2017-03-04 21:45:54","Boston","42601445","4452","r"
"3798657","rubicks","2017-10-18 21:02:37","Boston","46806762","1066","continuous-integration"
"456564","German Attanasio","2017-05-11 16:15:14","Boston, Massachusetts","43464805","120420","watson-conversation"
"2415684","jenesaisquoi","2017-06-14 20:58:18","Boston","32301813","4452","r"
"2517719","Floegipoky","2017-08-24 00:33:37","Boston","34009064","105220","neovim"
"2415684","jenesaisquoi","2017-06-14 20:58:18","Boston","32301813","36606","ggplot2"
"741099","Nyxynyx","2017-11-21 10:34:49","Boston","9719302","5","php"
"741099","Nyxynyx","2017-08-05 22:12:41","Boston","45526778","30073","mongodb"
"456564","German Attanasio","2017-11-17 17:11:23","Boston, Massachusetts","47354439","63747","language-translation"
"2415684","jenesaisquoi","2017-12-14 14:01:00","Boston","36108705","4452","r"
"4400697","nmusleh","2017-03-17 19:08:26","Boston","42864577","8277","urllib2"
"2415684","jenesaisquoi","2017-07-08 21:43:54","Boston","34691188","4452","r"
"1443481","Stuart","2017-02-03 14:17:45","Boston","42013783","2888","tcp"
"741099","Nyxynyx","2017-06-14 00:01:13","Boston","44524095","102461","react-jsx"
"741099","Nyxynyx","2017-01-11 10:22:19","Boston","12112188","58","linux"
"6286412","MTL-VRN","2017-11-30 02:58:02","Boston","47564993","34056","treeset"
"1443481","Stuart","2017-02-03 14:17:45","Boston","42013783","4319","future"
"741099","Nyxynyx","2017-10-01 14:31:44","Boston","25898784","103380","onsen-ui"
"7179412","Nil","2017-10-22 14:29:41","Boston","46848235","4452","r"
"456564","German Attanasio","2017-04-03 01:41:57","Boston, Massachusetts","40391114","117721","google-knowledge-graph"
"2501624","aldel","2017-07-05 16:36:12","Boston","44917200","105839","slack-api"
"6687297","Philipp","2017-03-02 15:59:06","Boston, Massachusetts, USA","42559600","5971","skip"
"2285240","Ian Steffy","2017-07-31 11:43:27","Boston","45414074","78022","angularjs"
"741099","Nyxynyx","2017-01-11 02:02:46","Boston","39856084","93923","pulp"
"741099","Nyxynyx","2017-12-18 21:43:49","Boston","47876517","16","python"
"741099","Nyxynyx","2017-05-19 14:33:42","Boston","43708795","46426","node.js"
"741099","Nyxynyx","2017-06-14 00:01:13","Boston","44524095","111092","meteor-react"
"3201696","ajmajmajma","2017-04-11 18:13:06","Boston","34438540","113234","redux"
"1888954","Phillip Huff","2017-05-17 17:20:28","Boston","43983897","71227","emr"
"741099","Nyxynyx","2017-01-11 02:02:46","Boston","39856084","16","python"
"741099","Nyxynyx","2017-01-11 10:22:19","Boston","12112188","1603","tomcat"
"3201696","ajmajmajma","2017-04-11 18:13:06","Boston","34438540","77812","superagent"
"741099","Nyxynyx","2017-10-01 14:31:44","Boston","25898784","78331","cordova"
"4400697","nmusleh","2017-11-15 17:39:59","Boston","45130392","78022","angularjs"
"2285240","Ian Steffy","2017-07-28 13:24:41","Boston","45371831","78022","angularjs"
"741099","Nyxynyx","2017-05-09 09:16:17","Boston","42635809","97726","plotly"
"741099","Nyxynyx","2017-04-23 21:07:41","Boston","43574757","16","python"
"741099","Nyxynyx","2017-05-03 15:37:23","Boston","43743286","16","python"
"283296","Amelio Vazquez-Reina","2017-09-08 01:47:17","Boston","33657017","7979","matplotlib"
"741099","Nyxynyx","2017-04-23 21:07:41","Boston","43574757","1158","qt"
"741099","Nyxynyx","2017-05-09 09:16:17","Boston","42635809","111092","meteor-react"
"283296","Amelio Vazquez-Reina","2017-08-10 01:59:40","Boston","17977540","16","python"
"283296","Amelio Vazquez-Reina","2017-09-08 01:47:17","Boston","33657017","16","python"
"1335035","Magn3s1um","2017-10-19 15:36:36","Boston","46736978","118015","vsts-build-task"
"7816373","Kevin","2017-08-02 21:51:07","Boston","45445180","7979","matplotlib"
"283296","Amelio Vazquez-Reina","2017-05-16 21:54:25","Boston","25676145","16","python"
"456564","German Attanasio","2017-04-30 21:17:17","Boston, Massachusetts","33127958","22843","speech-to-text"
"4400697","nmusleh","2017-11-15 17:39:59","Boston","45130392","33388","amazon-web-services"
"7816373","Kevin","2017-08-02 21:51:07","Boston","45445180","16","python"
"741099","Nyxynyx","2017-04-01 12:33:04","Boston","43155211","997","plot"
"7578055","Gregory Palermo","2017-02-17 04:09:45","Boston","42287348","67746","rstudio"
"4179866","giuseppe","2017-09-29 09:39:32","Boston","26663573","7003","objective-c"
"1406210","Lance McCarthy","2017-02-02 23:36:27","Boston","40921005","9","c#"
"1406210","Lance McCarthy","2017-02-02 23:36:27","Boston","40921005","104707","xamarin.forms"
"456564","German Attanasio","2017-09-09 22:31:39","Boston, Massachusetts","46095284","99726","ibm-watson"
"741099","Nyxynyx","2017-07-20 01:28:29","Boston","33862317","112972","nolearn"
"741099","Nyxynyx","2017-07-26 14:54:38","Boston","20708442","820","jquery"
"2415684","jenesaisquoi","2017-08-30 09:39:24","Boston","33141630","1508","json"
"564157","Joseph Lust","2017-08-22 17:51:29","Boston","45548924","7965","jet"
"741099","Nyxynyx","2017-05-03 15:36:56","Boston","43713170","1508","json"
"1085186","StackFlowed","2017-03-23 15:52:45","Boston","32720476","8945","intellij-idea"
"283296","Amelio Vazquez-Reina","2017-07-12 14:58:45","Boston","12944214","17711","cscope"
"456564","German Attanasio","2017-04-30 20:15:09","Boston, Massachusetts","43479761","99726","ibm-watson"
"3148025","bradnoble","2017-02-03 18:37:44","Boston","42015025","67404","tableau"
"741099","Nyxynyx","2017-05-23 14:21:50","Boston","6470267","3988","codeigniter"
"4266578","Anthony S.","2017-12-11 19:04:55","Boston, Massachusetts","47757473","9","c#"
"741099","Nyxynyx","2017-12-28 21:39:10","Boston","46144735","112292","ethereum"
"7465863","Alex M","2017-01-26 07:02:49","Boston","41838619","369","macos"
"1731862","Ankur Shanbhag","2017-12-26 23:19:36","Boston, Massachusetts","18144820","343","collections"
"3201696","ajmajmajma","2017-07-31 21:50:45","Boston","45420183","4","css"
"456564","German Attanasio","2017-10-30 19:45:04","Boston, Massachusetts","38568584","9393","text-to-speech"
"283296","Amelio Vazquez-Reina","2017-01-13 07:11:48","Boston","41628516","12271","combinatorics"
"741099","Nyxynyx","2017-10-26 22:40:05","Boston","16453644","81490","scikit-learn"
"456564","German Attanasio","2017-10-30 19:45:04","Boston, Massachusetts","38568584","99726","ibm-watson"
"741099","Nyxynyx","2017-11-21 10:34:49","Boston","9719302","3988","codeigniter"
"2285240","Ian Steffy","2017-11-21 17:34:44","Boston","47397172","33953","visual-studio"
"2146187","Philipp Werminghausen","2017-05-13 21:07:38","Boston","38467200","99715","gulp"
"283296","Amelio Vazquez-Reina","2017-08-10 16:18:07","Boston","14635299","5133","breakpoints"
"1508105","Alex Johnson","2017-02-28 19:20:49","Boston","42516831","4506","canvas"
"179205","Abby Fichtner","2017-09-18 06:50:43","Boston","32081685","1731","cygwin"
"741099","Nyxynyx","2017-03-31 22:32:20","Boston","33749965","106818","apache-spark-sql"
"179205","Abby Fichtner","2017-09-18 06:50:43","Boston","32081685","119","git"
"741099","Nyxynyx","2017-08-05 22:12:41","Boston","45526778","106076","lmdb"
"2146187","Philipp Werminghausen","2017-05-13 21:07:38","Boston","38467200","47993","graphicsmagick"
"456564","German Attanasio","2017-05-11 16:15:14","Boston, Massachusetts","43464805","99726","ibm-watson"
"456564","German Attanasio","2017-11-17 17:11:23","Boston, Massachusetts","47354439","99726","ibm-watson"
"3798657","rubicks","2017-10-18 21:02:37","Boston","46806762","119","git"
"3054619","mrlindsey","2017-02-10 19:06:08","Boston","42165059","51869","capybara"
"2285240","Ian Steffy","2017-07-31 11:43:27","Boston","45414074","121169","angular-components"
"6286412","MTL-VRN","2017-11-30 02:58:02","Boston","47564993","28981","comparator"
"741099","Nyxynyx","2017-10-01 14:31:44","Boston","25898784","102684","meteor-blaze"
"741099","Nyxynyx","2017-12-18 21:43:49","Boston","47876517","137","oop"
"8168266","Yihao Hu","2017-06-22 20:34:06","Boston","44708400","965","plugins"
"456564","German Attanasio","2017-05-08 13:51:12","Boston, Massachusetts","39394009","9393","text-to-speech"
"3201696","ajmajmajma","2017-03-25 21:22:57","Boston","43021737","4","css"
"3201696","ajmajmajma","2017-03-25 21:22:57","Boston","43021737","69969","css-animations"
"1181897","Riskbreaker","2017-02-21 16:18:55","Boston","13482652","820","jquery"
"456564","German Attanasio","2017-05-08 13:51:12","Boston, Massachusetts","39394009","99726","ibm-watson"
"2517719","Floegipoky","2017-06-14 17:57:02","Boston","22470193","15627","go"
"7179412","Nil","2017-10-22 14:29:41","Boston","46848235","101972","jsonlite"
"3299113","iMickyRich","2017-09-10 16:44:45","Boston","27369269","369","macos"
"1335035","Magn3s1um","2017-08-15 04:16:10","Boston","18003253","1",".net"
"3299113","iMickyRich","2017-09-10 16:44:45","Boston","27369269","91905","android-studio"
"456564","German Attanasio","2017-04-03 01:41:57","Boston, Massachusetts","40391114","63174","alchemyapi"
"1335035","Magn3s1um","2017-08-15 04:16:10","Boston","18003253","9","c#"
"283296","Amelio Vazquez-Reina","2017-04-30 15:00:13","Boston","21558855","8945","intellij-idea"
"4400697","nmusleh","2017-11-15 17:39:59","Boston","45130392","72602","django-compressor"
"456564","German Attanasio","2017-11-05 14:54:20","Boston, Massachusetts","32163749","99726","ibm-watson"
"456564","German Attanasio","2017-04-30 21:17:17","Boston, Massachusetts","33127958","99726","ibm-watson"
"456564","German Attanasio","2017-04-03 01:41:57","Boston, Massachusetts","40391114","99726","ibm-watson"
"2517719","Floegipoky","2017-06-14 17:57:02","Boston","22470193","7932","exec"
"1508105","Alex Johnson","2017-02-28 19:20:49","Boston","42516831","3","javascript"
"741099","Nyxynyx","2017-07-25 07:52:13","Boston","16376159","4190","numpy"
"741099","Nyxynyx","2017-07-25 07:52:13","Boston","16376159","59047","python-2.7"
"2415684","jenesaisquoi","2017-12-14 14:01:00","Boston","36108705","3","javascript"
"741099","Nyxynyx","2017-04-26 21:15:03","Boston","41354999","3","javascript"
"2415684","jenesaisquoi","2017-08-02 09:35:18","Boston","45452115","9780","type-conversion"
"283296","Amelio Vazquez-Reina","2017-11-06 18:09:13","Boston","27517425","67719","pandas"
"1508105","Alex Johnson","2017-02-28 19:20:49","Boston","42516831","70310","html5-canvas"
"741099","Nyxynyx","2017-04-26 21:15:03","Boston","41354999","92497","reactjs"
"1508105","Alex Johnson","2017-02-28 19:20:49","Boston","42516831","119423","pixijs"
"283296","Amelio Vazquez-Reina","2017-08-10 16:18:07","Boston","14635299","277","debugging"
"741099","Nyxynyx","2017-03-31 22:32:20","Boston","33749965","59047","python-2.7"
"283296","Amelio Vazquez-Reina","2017-05-11 15:37:17","Boston","6719972","854","matlab"
"283296","Amelio Vazquez-Reina","2017-05-11 15:37:17","Boston","6719972","110","ide"
"741099","Nyxynyx","2017-04-26 21:15:03","Boston","41354999","121383","react-native-router-flux"
"3201696","ajmajmajma","2017-03-25 21:22:57","Boston","43021737","2","html"
"741099","Nyxynyx","2017-09-20 11:17:11","Boston","8058905","3","javascript"
"3201696","ajmajmajma","2017-04-11 18:13:06","Boston","34438540","3","javascript"
"2285240","Ian Steffy","2017-07-31 11:43:27","Boston","45414074","3","javascript"
"6286412","MTL-VRN","2017-11-30 02:58:02","Boston","47564993","17","java"
"1888954","Phillip Huff","2017-05-17 17:20:28","Boston","43983897","56129","amazon-emr"
"1443481","Stuart","2017-02-03 14:17:45","Boston","42013783","59148","rust"
"2517719","Floegipoky","2017-07-18 21:04:56","Boston","44784258","17","java"
"2415684","jenesaisquoi","2017-07-08 21:43:54","Boston","34691188","13613","package"
"1085186","StackFlowed","2017-06-14 19:10:58","Boston","32659386","17","java"
"741099","Nyxynyx","2017-05-19 14:33:42","Boston","43708795","3","javascript"
"741099","Nyxynyx","2017-06-14 00:01:13","Boston","44524095","92497","reactjs"
"2517719","Floegipoky","2017-07-18 21:04:56","Boston","44784258","108024","google-cloud-dataflow"
"741099","Nyxynyx","2017-01-11 10:22:19","Boston","12112188","1866","solr"
"1181897","Riskbreaker","2017-02-21 16:18:55","Boston","13482652","3","javascript"
"741099","Nyxynyx","2017-10-01 14:31:44","Boston","25898784","3","javascript"
"3201696","ajmajmajma","2017-03-25 21:22:57","Boston","43021737","1065","animation"
"741099","Nyxynyx","2017-01-11 02:02:46","Boston","39856084","59047","python-2.7"
"741099","Nyxynyx","2017-06-14 00:01:13","Boston","44524095","3","javascript"
"8168266","Yihao Hu","2017-06-22 20:34:06","Boston","44708400","3","javascript"
"3201696","ajmajmajma","2017-04-11 18:13:06","Boston","34438540","92497","reactjs"
"741099","Nyxynyx","2017-01-11 10:22:19","Boston","12112188","4956","centos"
"2415684","jenesaisquoi","2017-07-08 21:43:54","Boston","34691188","7187","devtools"
"741099","Nyxynyx","2017-01-11 02:02:46","Boston","39856084","12008","traveling-salesman"
"283296","Amelio Vazquez-Reina","2017-08-10 01:59:40","Boston","17977540","67719","pandas"
"2285240","Ian Steffy","2017-07-28 13:24:41","Boston","45371831","3","javascript"
"283296","Amelio Vazquez-Reina","2017-05-16 21:54:25","Boston","25676145","20400","scipy"
"741099","Nyxynyx","2017-04-23 21:07:41","Boston","43574757","54400","python-multithreading"
"283296","Amelio Vazquez-Reina","2017-09-08 01:47:17","Boston","33657017","99284","seaborn"
"7816373","Kevin","2017-08-02 21:51:07","Boston","45445180","67719","pandas"
"741099","Nyxynyx","2017-05-09 09:16:17","Boston","42635809","3","javascript"
"4400697","nmusleh","2017-11-15 17:39:59","Boston","45130392","3","javascript"
"1335035","Magn3s1um","2017-10-19 15:36:36","Boston","46736978","116537","vsts"
"7436139","vanegeek","2017-10-05 20:52:03","Boston","46592592","92497","reactjs"
"741099","Nyxynyx","2017-04-23 21:07:41","Boston","43574757","6159","pyqt"
"283296","Amelio Vazquez-Reina","2017-04-30 15:00:13","Boston","21558855","17","java"
"283296","Amelio Vazquez-Reina","2017-09-08 01:47:17","Boston","33657017","67719","pandas"
"741099","Nyxynyx","2017-04-23 21:07:41","Boston","43574757","59047","python-2.7"
"741099","Nyxynyx","2017-05-03 15:37:23","Boston","43743286","59047","python-2.7"
"3299113","iMickyRich","2017-09-10 16:44:45","Boston","27369269","17","java"
"8882929","Jiou","2017-11-03 21:17:11","Boston","47104404","3","javascript"
"3299113","iMickyRich","2017-09-10 16:44:45","Boston","27369269","110","ide"
"741099","Nyxynyx","2017-06-01 09:35:19","Boston","10045022","22","sql"
"3201696","ajmajmajma","2017-10-07 02:03:25","Boston","46614623","110151","babeljs"
"8168266","Yihao Hu","2017-06-23 21:02:28","Boston","44729709","3600","google-chrome"
"2816869","f1lt3r","2017-11-19 16:48:28","Boston","47363268","88190","sublimetext3"
"2085528","Praneeth Puligundla","2017-02-07 09:19:54","Boston","30805417","86342","coverity"
"8489616","Jerry Tiller","2017-08-21 10:36:14","Boston","45778214","5187","class"
"741099","Nyxynyx","2017-07-20 01:28:29","Boston","33862317","112966","lasagne"
"741099","Nyxynyx","2017-07-26 14:54:38","Boston","20708442","1326","svg"
"1085186","StackFlowed","2017-03-23 15:52:45","Boston","32720476","908","xcode"
"283296","Amelio Vazquez-Reina","2017-09-01 12:02:57","Boston","4880975","1443","mediawiki"
"741099","Nyxynyx","2017-05-03 15:36:56","Boston","43713170","45273","celery"
"741099","Nyxynyx","2017-04-02 06:57:50","Boston","9658418","3600","google-chrome"
"283296","Amelio Vazquez-Reina","2017-01-13 07:11:48","Boston","41628516","9374","mathematical-optimization"
"741099","Nyxynyx","2017-04-17 22:24:26","Boston","41105525","1819","google-maps"
"4266578","Anthony S.","2017-12-11 19:04:55","Boston, Massachusetts","47757473","40852","task-parallel-library"
"741099","Nyxynyx","2017-04-17 22:24:26","Boston","41105525","110853","react-native"
"283296","Amelio Vazquez-Reina","2017-04-20 20:48:18","Boston","43294508","125767","bambi"
"7465863","Alex M","2017-01-26 07:02:49","Boston","41838619","9013","environment-variables"
"2415684","jenesaisquoi","2017-12-12 20:16:10","Boston","6802420","348","audio"
"2415684","jenesaisquoi","2017-03-04 21:45:54","Boston","42601445","34419","ess"
"2146187","Philipp Werminghausen","2017-05-13 21:07:38","Boston","38467200","6941","image-processing"
"1661569","toxotes","2017-08-24 01:30:42","Boston","10469206","85166","mezzanine"
"1335035","Magn3s1um","2017-10-26 14:53:22","Boston","46957410","116226","kestrel-http-server"
"3798657","rubicks","2017-10-18 21:02:37","Boston","46806762","64999","jenkins"
"741099","Nyxynyx","2017-11-25 20:23:01","Boston","47489983","79999","momentjs"
"7816373","Kevin","2017-08-12 17:17:12","Boston","45652835","46457","dataframe"
"741099","Nyxynyx","2017-11-21 10:34:49","Boston","9719302","11444","amazon-s3"
"283296","Amelio Vazquez-Reina","2017-06-01 05:09:15","Boston","22284502","82977","statsmodels"
"741099","Nyxynyx","2017-04-26 21:15:03","Boston","41354999","110853","react-native"
"2760846","Charles Walker","2017-10-10 19:36:39","Boston","46656961","86394","ansible"
"2517719","Floegipoky","2017-08-24 00:33:37","Boston","34009064","391","terminal"
"1508105","Alex Johnson","2017-02-28 19:20:49","Boston","42516831","78386","paperjs"
"2415684","jenesaisquoi","2017-06-14 20:58:18","Boston","32301813","85748","shiny"
"2415684","jenesaisquoi","2017-12-14 14:01:00","Boston","36108705","85748","shiny"
"2415684","jenesaisquoi","2017-09-26 13:06:42","Boston","46397168","390","shell"
"741099","Nyxynyx","2017-01-11 02:02:46","Boston","39856084","73190","gurobi"
"2415684","jenesaisquoi","2017-12-20 15:27:55","Boston","47892942","34419","ess"
"741099","Nyxynyx","2017-01-11 10:22:19","Boston","12112188","982","timezone"
"8168266","Yihao Hu","2017-06-22 20:34:06","Boston","44708400","3600","google-chrome"
"1888954","Phillip Huff","2017-05-17 17:20:28","Boston","43983897","1995","hadoop"
"741099","Nyxynyx","2017-05-19 14:33:42","Boston","43708795","45273","celery"
"7436139","vanegeek","2017-10-05 20:52:03","Boston","46592592","1292","static"
"7816373","Kevin","2017-08-02 21:51:07","Boston","45445180","46457","dataframe"
"7179412","Nil","2017-10-22 14:29:41","Boston","46848235","46457","dataframe"
"283296","Amelio Vazquez-Reina","2017-05-16 21:54:25","Boston","25676145","82977","statsmodels"
"3299113","iMickyRich","2017-09-10 16:44:45","Boston","27369269","1386","android"
"741099","Nyxynyx","2017-05-03 15:37:23","Boston","43743286","45273","celery"